{
  "hosting": {
    "public": "public",
    "ignore": [
      "firebase.json",
      "**/.*",
      "**/node_modules/**"
    ],
    "headers": [
      {
        "source": "**/*.html",
        "headers": [
          {
            "key": "Cache-Control",
            "value": "no-store"
          }
        ]
      }
    ],
    "rewrites": [
      {
        "source": "/createCheckoutSession",
        "function": "createCheckoutSession"
      }
    ]
  },
  "functions": {
    "source": "functions",
    "runtime": "nodejs20"
  }
}